{"cameraMode":{"drawMode":0,"name":"Shaded","section":"Shading Mode"},"sceneLighting":false,"audioPlay":false,"sceneViewState":{"showFog":false,"showMaterialUpdate":false,"showSkybox":false,"showFlares":false,"showImageEffects":false,"showParticleSystems":false},"in2DMode":false,"pivot":{"x":-0.4743082523345947,"y":7.13599967956543,"z":0.03498637676239014},"rotation":{"x":0.06067744269967079,"y":0.798878014087677,"z":-0.08176937699317932,"w":0.5928128957748413},"size":7.830699920654297,"orthographic":false}