{"cameraMode":{"drawMode":0,"name":"Shaded","section":"Shading Mode"},"sceneLighting":false,"audioPlay":false,"sceneViewState":{"showFog":false,"showMaterialUpdate":false,"showSkybox":false,"showFlares":false,"showImageEffects":false,"showParticleSystems":false},"in2DMode":false,"pivot":{"x":-0.15821456909179688,"y":7.937801361083984,"z":0.6191644668579102},"rotation":{"x":0.13576309382915498,"y":-0.8470996618270874,"z":0.2592568099498749,"w":0.44359469413757326},"size":15.999496459960938,"orthographic":false}