{"cameraMode":{"drawMode":0,"name":"Shaded","section":"Shading Mode"},"sceneLighting":true,"audioPlay":false,"sceneViewState":{"showFog":false,"showMaterialUpdate":false,"showSkybox":false,"showFlares":false,"showImageEffects":false,"showParticleSystems":false},"in2DMode":false,"pivot":{"x":457.1730041503906,"y":45.5372314453125,"z":360.69403076171877},"rotation":{"x":0.00021744203695561737,"y":0.6789997816085815,"z":-0.7341404557228088,"w":0.00020107123418711126},"size":96.77916717529297,"orthographic":false}